file,main_label,sub_label,label_path,primary_category,tags,label_source,scale,distribution,density,blend_mode,confidence,enabled,review_status,coverage,bright_coverage,edge_bias,anisotropy,edge_density,coarse_ratio,component_density,largest_component
001.jpg,area,surface_wear,area--surface_wear,surface_wear,surface_wear,manual_visual,fine,diffuse,medium,multiply,0.97,1,manual_visual,0.086026,0.005089,0.7830,0.0331,0.174401,0.0628,16402.36,0.0067
002.jpg,area,mold,area--mold,mold,mold;stain,manual_visual,fine,diffuse,dense,multiply,0.97,1,manual_visual,0.158658,0.008239,0.5624,0.0223,0.199949,0.2256,15615.53,0.1442
003.jpg,area,surface_wear,area--surface_wear,surface_wear,surface_wear,manual_visual,fine,diffuse,medium,multiply,0.97,1,manual_visual,0.099154,0.002478,0.9724,0.0583,0.166480,0.2170,12456.60,0.0450
004.jpg,structure,edge_wear,structure--edge_wear,edge_wear,edge_wear;stain;surface_wear,manual_visual,fine,edge,dense,multiply,0.97,1,manual_visual,0.416979,0.208637,0.9547,0.0478,0.206963,0.7038,3639.36,0.9260
005.jpg,area,stain,area--stain,stain,stain,manual_visual,fine,sparse,sparse,multiply,0.97,1,manual_visual,0.029280,0.001194,0.2159,0.0324,0.063112,0.1740,4722.22,0.0325
006.jpg,area,mold,area--mold,mold,mold,manual_visual,fine,diffuse,medium,multiply,0.97,1,manual_visual,0.059829,0.004067,1.1749,0.0057,0.086553,0.0856,6794.43,0.0101
007.jpg,area,stain,area--stain,stain,stain,manual_visual,fine,diffuse,medium,multiply,0.97,1,manual_visual,0.137447,0.024665,0.3989,0.0508,0.144141,0.5296,9833.90,0.4311
008.jpg,area,mold,area--mold,mold,mold,manual_visual,fine,diffuse,dense,multiply,0.97,1,manual_visual,0.527535,0.042294,1.3043,0.0226,0.336355,0.3792,16351.51,0.2412
009.jpg,detail,scratch,detail--scratch,scratch,scratch,manual_visual,linear,directional,sparse,screen,0.97,1,manual_visual,0.021067,0.007776,1.4082,0.2192,0.025837,0.0590,1938.48,0.0226
010.jpg,area,stain,area--stain,stain,stain,manual_visual,fine,sparse,medium,multiply,0.97,1,manual_visual,0.033984,0.005637,0.1214,0.0397,0.043278,0.2337,2216.44,0.1699
011.jpg,structure,edge_wear,structure--edge_wear,edge_wear,edge_wear;scratch;surface_wear,manual_visual,linear,edge,medium,multiply,0.97,1,manual_visual,0.145447,0.070239,9.7889,0.2474,0.099431,0.6792,3719.62,0.4100
012.jpg,area,stain,area--stain,stain,stain,manual_visual,fine,diffuse,medium,multiply,0.97,1,manual_visual,0.125457,0.003381,0.5755,0.0152,0.200509,0.2368,17293.62,0.1341
013.jpg,area,stain,area--stain,stain,stain,manual_visual,fine,sparse,sparse,multiply,0.97,1,manual_visual,0.018594,0.000269,0.2271,0.0052,0.048611,0.2155,2760.42,0.0667
014.jpg,structure,edge_wear,structure--edge_wear,edge_wear,edge_wear;surface_wear,manual_visual,fine,edge,sparse,multiply,0.97,1,manual_visual,0.028524,0.001610,0.9772,0.0568,0.071220,0.0677,4257.81,0.0566
015.jpg,detail,dust,detail--dust,dust,dust,manual_visual,fine,sparse,sparse,screen,0.97,1,manual_visual,0.010586,0.001079,0.7378,0.0090,0.029248,0.0215,3119.47,0.0144
016.jpg,area,mold,area--mold,mold,mold,manual_visual,fine,diffuse,dense,multiply,0.97,1,manual_visual,0.206072,0.007649,1.3669,0.0455,0.196238,0.2928,13461.91,0.0555
017.jpg,detail,scratch,detail--scratch,scratch,dust;scratch,manual_visual,linear,directional,sparse,screen,0.97,1,manual_visual,0.022852,0.004744,0.3671,0.2011,0.033870,0.1272,3229.98,0.0515
018.jpg,detail,dust,detail--dust,dust,dust,manual_visual,fine,diffuse,medium,screen,0.97,1,manual_visual,0.051787,0.003789,0.5847,0.0214,0.104963,0.0712,9077.15,0.0050
019.jpg,detail,dust,detail--dust,dust,dust,manual_visual,fine,diffuse,medium,screen,0.97,1,manual_visual,0.135550,0.010989,0.9561,0.0386,0.211664,0.1043,18898.50,0.0398
020.jpg,area,surface_wear,area--surface_wear,surface_wear,surface_wear,manual_visual,fine,diffuse,dense,multiply,0.97,1,manual_visual,0.158468,0.009229,0.9205,0.0117,0.221264,0.1993,17183.84,0.0632
021.jpg,area,stain,area--stain,stain,stain,manual_visual,fine,diffuse,medium,multiply,0.97,1,manual_visual,0.130599,0.009136,0.3739,0.0337,0.126432,0.4450,7165.80,0.2680
022.jpg,area,surface_wear,area--surface_wear,surface_wear,surface_wear,manual_visual,fine,diffuse,medium,multiply,0.97,1,manual_visual,0.095304,0.001502,0.2906,0.0431,0.150820,0.2995,11267.36,0.0472
023.jpg,area,mold,area--mold,mold,mold,manual_visual,fine,diffuse,dense,multiply,0.97,1,manual_visual,0.267854,0.046621,1.0363,0.0069,0.248403,0.2902,18361.82,0.1241
024.jpg,structure,edge_wear,structure--edge_wear,edge_wear,dust;edge_wear;scratch,manual_visual,fine,edge,medium,multiply,0.97,1,manual_visual,0.110609,0.014456,1.4633,0.0107,0.202487,0.1308,21868.49,0.1099
025.jpg,area,stain,area--stain,stain,stain,manual_visual,fine,diffuse,medium,multiply,0.97,1,manual_visual,0.106497,0.013467,0.9728,0.0091,0.189589,0.1329,17567.33,0.0562
026.jpg,area,surface_wear,area--surface_wear,surface_wear,surface_wear,manual_visual,fine,diffuse,medium,multiply,0.97,1,manual_visual,0.053989,0.004802,1.3657,0.0096,0.085906,0.1328,7702.64,0.0215
027.jpg,detail,dust,detail--dust,dust,dust,manual_visual,fine,sparse,sparse,screen,0.97,1,manual_visual,0.022470,0.002312,1.0359,0.0070,0.057206,0.0389,5089.79,0.0197
028.jpg,area,surface_wear,area--surface_wear,surface_wear,surface_wear,manual_visual,fine,diffuse,dense,multiply,0.97,1,manual_visual,0.270773,0.011975,0.5014,0.1008,0.238268,0.3812,18103.30,0.3508
029.jpg,area,stain,area--stain,stain,stain,manual_visual,fine,sparse,medium,multiply,0.97,1,manual_visual,0.043958,0.008040,0.4736,0.0397,0.075801,0.0931,9001.46,0.0126
030.jpg,detail,dust,detail--dust,dust,dust,manual_visual,fine,sparse,sparse,screen,0.97,1,manual_visual,0.024222,0.001261,0.9339,0.0257,0.072927,0.0214,5355.67,0.0060
031.jpg,detail,scratch,detail--scratch,scratch,scratch,manual_visual,linear,directional,medium,screen,0.97,1,manual_visual,0.119556,0.006996,0.7396,0.0103,0.189989,0.1083,15932.82,0.0195
032.jpg,structure,fold,structure--fold,fold,fold;stain;surface_wear,manual_visual,linear,directional,dense,screen,0.97,1,manual_visual,0.251410,0.007292,0.4446,0.0096,0.255039,0.3250,27666.02,0.3544
033.jpg,area,stain,area--stain,stain,stain,manual_visual,fine,diffuse,medium,multiply,0.97,1,manual_visual,0.055530,0.009625,0.4757,0.1153,0.080693,0.1646,7755.44,0.0528
034.jpg,area,surface_wear,area--surface_wear,surface_wear,surface_wear,manual_visual,fine,diffuse,medium,multiply,0.97,1,manual_visual,0.070275,0.008654,1.2743,0.0329,0.142337,0.0581,14012.80,0.0140
035.jpg,detail,scratch,detail--scratch,scratch,scratch,manual_visual,linear,directional,medium,screen,0.97,1,manual_visual,0.030100,0.004008,0.4639,0.3106,0.048642,0.0699,3516.67,0.0602
036.jpg,structure,fold,structure--fold,fold,fold;surface_wear,manual_visual,linear,directional,medium,screen,0.97,1,manual_visual,0.090093,0.009217,0.6199,0.0489,0.118151,0.1654,8569.98,0.0686
037.jpg,structure,edge_wear,structure--edge_wear,edge_wear,edge_wear;stain;surface_wear,manual_visual,fine,edge,dense,multiply,0.97,1,manual_visual,0.217144,0.055056,1.7526,0.0171,0.228762,0.4061,17777.95,0.1940
038.jpg,area,surface_wear,area--surface_wear,surface_wear,surface_wear,manual_visual,fine,sparse,medium,multiply,0.97,1,manual_visual,0.031570,0.002884,0.3923,0.0543,0.070144,0.1399,5980.70,0.0651
039.jpg,area,mold,area--mold,mold,mold,manual_visual,fine,diffuse,dense,multiply,0.97,1,manual_visual,0.153127,0.024829,0.5319,0.0389,0.148521,0.5102,8129.88,0.2645
040.jpg,area,stain,area--stain,stain,stain;surface_wear,manual_visual,fine,diffuse,medium,multiply,0.97,1,manual_visual,0.106729,0.016542,0.6982,0.0320,0.133386,0.2367,11160.18,0.1032
041.jpg,area,mold,area--mold,mold,mold;stain,manual_visual,fine,diffuse,dense,multiply,0.97,1,manual_visual,0.171905,0.003160,0.5428,0.0426,0.156415,0.5302,7921.01,0.2165
042.jpg,area,mold,area--mold,mold,mold,manual_visual,fine,diffuse,medium,multiply,0.97,1,manual_visual,0.142464,0.013496,0.6296,0.0562,0.187549,0.1542,16757.81,0.0505
043.jpg,area,surface_wear,area--surface_wear,surface_wear,surface_wear,manual_visual,fine,sparse,medium,multiply,0.97,1,manual_visual,0.041785,0.001958,1.1933,0.0235,0.108495,0.0660,6346.96,0.0210
044.jpg,area,surface_wear,area--surface_wear,surface_wear,surface_wear,manual_visual,linear,directional,dense,multiply,0.97,1,manual_visual,0.206606,0.003960,0.1664,0.1524,0.167571,0.5332,9570.81,0.2201
045.jpg,area,mold,area--mold,mold,mold,manual_visual,fine,diffuse,dense,multiply,0.97,1,manual_visual,0.219019,0.026990,1.4577,0.0189,0.216068,0.1954,16425.49,0.0502
046.jpg,area,surface_wear,area--surface_wear,surface_wear,surface_wear,manual_visual,fine,sparse,sparse,multiply,0.97,1,manual_visual,0.023927,0.000800,0.1588,0.0776,0.047698,0.2794,2932.64,0.1830
047.jpg,area,mold,area--mold,mold,mold,manual_visual,fine,diffuse,dense,multiply,0.97,1,manual_visual,0.193466,0.011466,0.8208,0.0481,0.239473,0.1228,19753.26,0.0177
048.jpg,detail,scratch,detail--scratch,scratch,scratch,manual_visual,linear,directional,medium,screen,0.97,1,manual_visual,0.099704,0.026175,0.9035,0.1596,0.119482,0.0801,8577.28,0.0710
049.jpg,area,surface_wear,area--surface_wear,surface_wear,surface_wear,manual_visual,fine,diffuse,dense,multiply,0.97,1,manual_visual,0.163796,0.011140,1.1842,0.0257,0.216216,0.1660,17204.39,0.1091
050.jpg,detail,dust,detail--dust,dust,dust,manual_visual,fine,diffuse,medium,screen,0.97,1,manual_visual,0.063955,0.013396,1.3381,0.0390,0.109648,0.0416,11606.45,0.0069
051.jpg,structure,tear_missing,structure--tear_missing,tear_missing,edge_wear;stain;tear_missing,manual_visual,fine,edge,dense,multiply,0.97,1,manual_visual,0.348438,0.083086,0.8720,0.0066,0.229016,0.5074,8596.19,0.4434
052.jpg,area,surface_wear,area--surface_wear,surface_wear,surface_wear,manual_visual,fine,diffuse,medium,multiply,0.97,1,manual_visual,0.119560,0.005720,0.6426,0.0123,0.200276,0.1071,13348.43,0.0137
053.jpg,detail,scratch,detail--scratch,scratch,scratch,manual_visual,linear,directional,sparse,screen,0.97,1,manual_visual,0.029485,0.005430,0.6651,0.0896,0.044097,0.0871,3916.02,0.0455
054.jpg,detail,dust,detail--dust,dust,dust,manual_visual,fine,sparse,sparse,screen,0.97,1,manual_visual,0.016786,0.000381,0.6841,0.0349,0.051562,0.0507,3388.30,0.0047
055.jpg,structure,edge_wear,structure--edge_wear,edge_wear,edge_wear;surface_wear,manual_visual,fine,edge,dense,multiply,0.97,1,manual_visual,0.210625,0.012043,2.2943,0.0421,0.212847,0.3091,14145.51,0.0657
056.jpg,structure,edge_wear,structure--edge_wear,edge_wear,edge_wear;stain;surface_wear,manual_visual,fine,edge,medium,multiply,0.97,1,manual_visual,0.146398,0.026619,3.2072,0.0445,0.131910,0.4751,8953.99,0.2595
057.jpg,structure,edge_wear,structure--edge_wear,edge_wear,edge_wear;stain,manual_visual,fine,edge,dense,multiply,0.97,1,manual_visual,0.244346,0.029245,0.7457,0.0712,0.174020,0.4724,9267.58,0.5351
058.jpg,area,surface_wear,area--surface_wear,surface_wear,surface_wear,manual_visual,linear,directional,dense,multiply,0.97,1,manual_visual,0.186172,0.005838,0.5466,0.1207,0.241654,0.1940,19496.53,0.1148
059.jpg,structure,fold,structure--fold,fold,fold,manual_visual,linear,directional,sparse,screen,0.97,1,manual_visual,0.020438,0.000360,0.0399,0.0888,0.048902,0.2235,3007.81,0.0183
060.jpg,detail,dust,detail--dust,dust,dust,manual_visual,fine,diffuse,medium,screen,0.97,1,manual_visual,0.086183,0.010574,1.1168,0.0272,0.155483,0.0813,14537.18,0.0186
061.jpg,area,surface_wear,area--surface_wear,surface_wear,surface_wear,manual_visual,fine,diffuse,medium,multiply,0.97,1,manual_visual,0.086411,0.000972,0.1295,0.0445,0.124414,0.3990,8506.94,0.1412
062.jpg,area,mold,area--mold,mold,mold,manual_visual,fine,diffuse,dense,multiply,0.97,1,manual_visual,0.227922,0.034631,1.1151,0.0385,0.211833,0.2347,14162.60,0.1574
063.jpg,area,surface_wear,area--surface_wear,surface_wear,surface_wear,manual_visual,fine,diffuse,dense,multiply,0.97,1,manual_visual,0.389454,0.023508,0.8893,0.0336,0.316840,0.2204,23912.61,0.1222
064.jpg,area,mold,area--mold,mold,mold;stain,manual_visual,fine,diffuse,dense,multiply,0.97,1,manual_visual,0.268896,0.002163,0.4845,0.0110,0.210019,0.4976,9792.15,0.3715
065.jpg,area,surface_wear,area--surface_wear,surface_wear,surface_wear,manual_visual,fine,diffuse,medium,multiply,0.97,1,manual_visual,0.082821,0.001172,0.2991,0.0736,0.125634,0.3430,8758.68,0.0494
066.jpg,area,surface_wear,area--surface_wear,surface_wear,surface_wear,manual_visual,linear,directional,medium,multiply,0.97,1,manual_visual,0.110860,0.005828,0.1491,0.2234,0.132058,0.3306,11883.38,0.0796
067.jpg,area,mold,area--mold,mold,mold;stain,manual_visual,fine,diffuse,medium,multiply,0.97,1,manual_visual,0.134390,0.017858,0.8354,0.0186,0.188362,0.1324,15085.69,0.0548
068.jpg,area,stain,area--stain,stain,stain,manual_visual,fine,edge,dense,multiply,0.97,1,manual_visual,0.180768,0.087402,3.9294,0.0371,0.104401,0.8050,3421.22,0.7279
069.jpg,detail,dust,detail--dust,dust,dust,manual_visual,fine,sparse,medium,screen,0.97,1,manual_visual,0.030349,0.003749,1.0174,0.0490,0.071354,0.0277,7421.87,0.0138
070.jpg,structure,edge_wear,structure--edge_wear,edge_wear,edge_wear,manual_visual,fine,edge,medium,multiply,0.97,1,manual_visual,0.138674,0.034658,0.8084,0.0115,0.147947,0.2127,13916.02,0.0776
071.jpg,detail,dust,detail--dust,dust,dust,manual_visual,fine,sparse,medium,screen,0.97,1,manual_visual,0.031810,0.001962,0.8604,0.0012,0.089565,0.0263,6874.48,0.0062
072.jpg,detail,scratch,detail--scratch,scratch,scratch,manual_visual,linear,directional,sparse,screen,0.97,1,manual_visual,0.018095,0.000295,0.3112,0.0814,0.052261,0.0967,2960.07,0.0191
073.jpg,area,surface_wear,area--surface_wear,surface_wear,surface_wear,manual_visual,fine,diffuse,medium,multiply,0.97,1,manual_visual,0.107473,0.001333,0.3018,0.0683,0.174699,0.2383,13043.48,0.0258
074.jpg,area,stain,area--stain,stain,stain;surface_wear,manual_visual,linear,directional,dense,multiply,0.97,1,manual_visual,0.467813,0.027067,0.8199,0.2017,0.247161,0.5222,10081.38,0.5745
075.jpg,area,mold,area--mold,mold,mold,manual_visual,fine,diffuse,medium,multiply,0.97,1,manual_visual,0.132322,0.005416,0.5657,0.0117,0.183983,0.1530,12068.21,0.0869
076.jpg,area,surface_wear,area--surface_wear,surface_wear,surface_wear,manual_visual,linear,directional,dense,multiply,0.97,1,manual_visual,0.172790,0.013473,1.0102,0.1302,0.219258,0.1957,21184.90,0.1102
077.jpg,area,surface_wear,area--surface_wear,surface_wear,surface_wear,manual_visual,fine,diffuse,dense,multiply,0.97,1,manual_visual,0.296576,0.012623,0.5246,0.0191,0.282714,0.2329,22863.88,0.1420
078.jpg,area,surface_wear,area--surface_wear,surface_wear,surface_wear,manual_visual,fine,diffuse,dense,multiply,0.97,1,manual_visual,0.151291,0.007210,0.5781,0.0965,0.222053,0.2359,17558.50,0.0717
079.jpg,detail,dust,detail--dust,dust,dust,manual_visual,fine,diffuse,dense,screen,0.97,1,manual_visual,0.192328,0.009255,0.9515,0.0238,0.289193,0.0337,28649.35,0.0057
080.jpg,area,mold,area--mold,mold,mold,manual_visual,fine,diffuse,medium,multiply,0.97,1,manual_visual,0.144018,0.013045,0.6482,0.0253,0.194696,0.1335,17676.99,0.0801
081.jpg,structure,edge_wear,structure--edge_wear,edge_wear,edge_wear;surface_wear,manual_visual,fine,edge,dense,multiply,0.97,1,manual_visual,0.317448,0.050421,14.9158,0.0923,0.163212,0.9042,7230.90,0.6007
082.jpg,area,surface_wear,area--surface_wear,surface_wear,surface_wear,manual_visual,fine,diffuse,medium,multiply,0.97,1,manual_visual,0.054423,0.008755,1.6075,0.0189,0.103962,0.0662,10984.40,0.0172
083.jpg,area,stain,area--stain,stain,stain,manual_visual,fine,diffuse,medium,multiply,0.97,1,manual_visual,0.117863,0.003054,0.1109,0.0281,0.146515,0.3377,16745.92,0.0194
084.jpg,area,stain,area--stain,stain,mold;stain,manual_visual,fine,diffuse,medium,multiply,0.97,1,manual_visual,0.125242,0.013523,0.8049,0.0389,0.197300,0.0884,18330.08,0.0098
085.jpg,area,mold,area--mold,mold,mold,manual_visual,fine,diffuse,medium,multiply,0.97,1,manual_visual,0.135088,0.012654,0.8240,0.0408,0.201050,0.0898,19313.74,0.0508
086.jpg,detail,dust,detail--dust,dust,dust,manual_visual,fine,diffuse,medium,screen,0.97,1,manual_visual,0.061206,0.012349,1.0640,0.0260,0.097224,0.0472,10185.55,0.0048
087.jpg,area,mold,area--mold,mold,mold,manual_visual,fine,diffuse,medium,multiply,0.97,1,manual_visual,0.134475,0.005876,0.6183,0.0207,0.199407,0.1470,17177.73,0.0186
088.jpg,area,surface_wear,area--surface_wear,surface_wear,surface_wear,manual_visual,fine,diffuse,dense,multiply,0.97,1,manual_visual,0.156693,0.008090,0.8546,0.0529,0.258940,0.0602,24722.13,0.0113
089.jpg,structure,fold,structure--fold,fold,fold,manual_visual,linear,directional,dense,screen,0.97,1,manual_visual,0.189336,0.001997,0.3340,0.0509,0.199019,0.3967,13845.49,0.0359
090.jpg,area,stain,area--stain,stain,stain,manual_visual,linear,directional,medium,multiply,0.97,1,manual_visual,0.057302,0.009937,0.1192,0.1380,0.074976,0.1862,7211.07,0.0526
091.jpg,area,stain,area--stain,stain,stain,manual_visual,fine,diffuse,dense,multiply,0.97,1,manual_visual,0.246814,0.114287,0.5156,0.0589,0.148105,0.6725,4536.13,0.5071
092.jpg,detail,dust,detail--dust,dust,dust,manual_visual,fine,sparse,sparse,screen,0.97,1,manual_visual,0.011863,0.001958,0.9090,0.0383,0.024707,0.0462,2210.19,0.0361
093.jpg,detail,scratch,detail--scratch,scratch,scratch,manual_visual,linear,directional,medium,screen,0.97,1,manual_visual,0.053503,0.020671,1.9703,0.0471,0.067917,0.1334,7143.55,0.0328
094.jpg,area,stain,area--stain,stain,stain;surface_wear,manual_visual,fine,diffuse,dense,multiply,0.97,1,manual_visual,0.195312,0.002943,0.7517,0.0632,0.237995,0.3050,19101.56,0.0930
095.jpg,area,surface_wear,area--surface_wear,surface_wear,surface_wear,manual_visual,fine,diffuse,medium,multiply,0.97,1,manual_visual,0.109575,0.001259,0.3826,0.0264,0.186020,0.2243,15264.76,0.0335
096.jpg,area,surface_wear,area--surface_wear,surface_wear,scratch;surface_wear,manual_visual,fine,diffuse,dense,multiply,0.97,1,manual_visual,0.364571,0.063748,0.9599,0.0178,0.339945,0.2039,37595.55,0.1503
097.jpg,area,mold,area--mold,mold,mold;stain,manual_visual,fine,diffuse,medium,multiply,0.97,1,manual_visual,0.078757,0.015836,1.5246,0.0194,0.090987,0.2818,6516.37,0.1014
098.jpg,area,stain,area--stain,stain,stain;surface_wear,manual_visual,fine,diffuse,dense,multiply,0.97,1,manual_visual,0.373414,0.020630,0.7218,0.0096,0.293398,0.3889,15366.54,0.2737
099.jpg,structure,edge_wear,structure--edge_wear,edge_wear,edge_wear;surface_wear,manual_visual,fine,edge,medium,multiply,0.97,1,manual_visual,0.056424,0.007062,4.6495,0.0749,0.062214,0.3959,3962.67,0.1620
100.jpg,detail,dust,detail--dust,dust,dust,manual_visual,fine,sparse,sparse,screen,0.97,1,manual_visual,0.009813,0.001304,1.1276,0.0098,0.024293,0.0221,2605.02,0.0143
101.jpg,area,stain,area--stain,stain,stain,manual_visual,fine,diffuse,dense,multiply,0.97,1,manual_visual,0.244086,0.053289,0.9671,0.0344,0.227078,0.4410,17233.34,0.2636
102.jpg,detail,dust,detail--dust,dust,dust;edge_wear,manual_visual,fine,edge,sparse,screen,0.97,1,manual_visual,0.023362,0.007129,3.1445,0.0292,0.036865,0.0647,4377.44,0.0607
103.jpg,area,mold,area--mold,mold,mold;stain,manual_visual,fine,diffuse,dense,multiply,0.97,1,manual_visual,0.150942,0.012114,1.0599,0.0096,0.180752,0.2048,14567.87,0.0423
104.jpg,area,surface_wear,area--surface_wear,surface_wear,surface_wear,manual_visual,fine,diffuse,medium,multiply,0.97,1,manual_visual,0.091140,0.005845,0.9574,0.0046,0.166719,0.1355,15576.17,0.0283
105.jpg,structure,fold,structure--fold,fold,fold,manual_visual,linear,directional,sparse,screen,0.97,1,manual_visual,0.007400,0.000065,0.0491,0.0979,0.018832,0.2593,950.52,0.0680
106.jpg,detail,scratch,detail--scratch,scratch,scratch,manual_visual,linear,directional,medium,screen,0.97,1,manual_visual,0.039956,0.012627,0.8448,0.2113,0.049135,0.1125,4817.05,0.0300
107.jpg,structure,edge_wear,structure--edge_wear,edge_wear,edge_wear;surface_wear,manual_visual,fine,edge,dense,multiply,0.97,1,manual_visual,0.312653,0.066400,1.2769,0.0406,0.210309,0.6670,12662.76,0.7389
108.jpg,detail,dust,detail--dust,dust,dust,manual_visual,fine,sparse,sparse,screen,0.97,1,manual_visual,0.009449,0.000616,0.5766,0.0665,0.028108,0.0456,2026.91,0.0162
109.jpg,detail,crack,detail--crack,crack,crack,manual_visual,linear,directional,medium,screen,0.97,1,manual_visual,0.039735,0.004515,0.9302,0.0725,0.061514,0.0490,4913.54,0.0063
110.jpg,area,mold,area--mold,mold,mold;stain,manual_visual,fine,diffuse,medium,multiply,0.97,1,manual_visual,0.089961,0.020552,0.6009,0.0648,0.114260,0.1621,11003.42,0.0947
111.jpg,area,stain,area--stain,stain,dust;stain,manual_visual,fine,sparse,sparse,multiply,0.97,1,manual_visual,0.017305,0.000990,0.2681,0.0391,0.040881,0.1252,3077.26,0.0711
112.jpg,area,stain,area--stain,stain,stain,manual_visual,fine,diffuse,dense,multiply,0.97,1,manual_visual,0.202453,0.009014,0.0594,0.0042,0.128632,0.6486,7406.85,0.7814
113.jpg,area,stain,area--stain,stain,stain,manual_visual,linear,directional,medium,multiply,0.97,1,manual_visual,0.062591,0.006204,0.1265,0.2055,0.097077,0.1569,8385.42,0.0136
114.jpg,area,surface_wear,area--surface_wear,surface_wear,surface_wear,manual_visual,fine,sparse,medium,multiply,0.97,1,manual_visual,0.032079,0.001953,0.5324,0.0256,0.080117,0.0652,5998.26,0.0264
115.jpg,structure,tear_missing,structure--tear_missing,tear_missing,edge_wear;tear_missing,manual_visual,fine,edge,medium,multiply,0.97,1,manual_visual,0.119303,0.029232,1.2129,0.0894,0.135576,0.7209,7327.47,0.4743
116.jpg,detail,crack,detail--crack,crack,crack,manual_visual,linear,directional,sparse,screen,0.97,1,manual_visual,0.023516,0.007627,1.5531,0.0574,0.034331,0.0448,3303.22,0.0230
117.jpg,detail,scratch,detail--scratch,scratch,scratch;surface_wear,manual_visual,linear,directional,dense,screen,0.97,1,manual_visual,0.169800,0.006777,1.0415,0.2135,0.235916,0.1775,17216.77,0.0421
118.jpg,area,stain,area--stain,stain,dust;stain,manual_visual,multi_scale,sparse,medium,multiply,0.97,1,manual_visual,0.043594,0.007725,0.3240,0.0130,0.044981,0.2491,2189.45,0.1168
119.jpg,area,stain,area--stain,stain,stain,manual_visual,fine,diffuse,dense,multiply,0.97,1,manual_visual,0.236732,0.049118,1.4193,0.0295,0.250492,0.5478,23434.24,0.4580
120.jpg,structure,edge_wear,structure--edge_wear,edge_wear,edge_wear;surface_wear,manual_visual,fine,edge,sparse,multiply,0.97,1,manual_visual,0.013467,0.000511,1.2888,0.0143,0.036253,0.0655,2607.42,0.0150
121.jpg,area,mold,area--mold,mold,mold;stain,manual_visual,fine,diffuse,dense,multiply,0.97,1,manual_visual,0.290869,0.013122,0.8674,0.0245,0.272653,0.3615,21523.44,0.1589
122.jpg,detail,scratch,detail--scratch,scratch,scratch;surface_wear,manual_visual,linear,directional,medium,screen,0.97,1,manual_visual,0.084888,0.006333,1.9855,0.2482,0.156067,0.0612,15305.18,0.0056
123.jpg,structure,fold,structure--fold,fold,fold;surface_wear,manual_visual,linear,edge,dense,screen,0.97,1,manual_visual,0.279480,0.066394,2.0697,0.3077,0.211045,0.3799,11416.02,0.0961
124.jpg,detail,scratch,detail--scratch,scratch,scratch,manual_visual,linear,directional,medium,screen,0.97,1,manual_visual,0.121568,0.026947,1.0112,0.1819,0.120788,0.2257,7858.04,0.0834
125.jpg,area,stain,area--stain,stain,stain;surface_wear,manual_visual,fine,diffuse,dense,multiply,0.97,1,manual_visual,0.263350,0.003763,0.3205,0.0470,0.175785,0.4924,16282.55,0.1012
126.jpg,structure,fold,structure--fold,fold,fold;surface_wear,manual_visual,linear,directional,dense,screen,0.97,1,manual_visual,0.257602,0.017613,0.1379,0.1579,0.151854,0.6923,5811.25,0.8478
127.jpg,detail,scratch,detail--scratch,scratch,dust;scratch,manual_visual,linear,directional,medium,screen,0.97,1,manual_visual,0.046445,0.006191,1.1604,0.0677,0.100759,0.0342,9167.48,0.0169
128.jpg,structure,edge_wear,structure--edge_wear,edge_wear,edge_wear;surface_wear,manual_visual,fine,edge,dense,multiply,0.97,1,manual_visual,0.302539,0.118714,4.3653,0.0215,0.254349,0.9190,16565.76,0.8546
129.jpg,detail,dust,detail--dust,dust,dust,manual_visual,fine,sparse,sparse,screen,0.97,1,manual_visual,0.012923,0.000641,0.8109,0.0194,0.041751,0.0342,3118.49,0.0102
130.jpg,area,surface_wear,area--surface_wear,surface_wear,surface_wear,manual_visual,fine,diffuse,medium,multiply,0.97,1,manual_visual,0.112044,0.008765,1.2979,0.0441,0.162523,0.1578,14458.15,0.0469
131.jpg,structure,fold,structure--fold,fold,fold;surface_wear,manual_visual,linear,directional,medium,screen,0.97,1,manual_visual,0.075716,0.001619,0.0764,0.0722,0.095347,0.4316,6879.34,0.1818
132.jpg,area,stain,area--stain,stain,stain,manual_visual,fine,diffuse,dense,multiply,0.97,1,manual_visual,0.240413,0.114521,0.5556,0.0550,0.140583,0.6617,4125.98,0.4997
133.jpg,structure,edge_wear,structure--edge_wear,edge_wear,edge_wear,manual_visual,fine,edge,dense,multiply,0.97,1,manual_visual,0.267931,0.017608,1.5730,0.0174,0.286823,0.1633,22059.50,0.0338
134.jpg,area,surface_wear,area--surface_wear,surface_wear,surface_wear,manual_visual,fine,diffuse,dense,multiply,0.97,1,manual_visual,0.427773,0.032982,0.8514,0.0563,0.318607,0.3293,21775.17,0.2263
135.jpg,detail,crack,detail--crack,crack,crack,manual_visual,linear,directional,medium,screen,0.97,1,manual_visual,0.044594,0.004919,1.5924,0.0173,0.075478,0.1034,6499.18,0.0529
136.jpg,detail,dust,detail--dust,dust,dust,manual_visual,fine,sparse,sparse,screen,0.97,1,manual_visual,0.019889,0.002132,1.7980,0.0176,0.043447,0.0561,3414.71,0.0243
137.jpg,area,stain,area--stain,stain,stain,manual_visual,fine,edge,dense,multiply,0.97,1,manual_visual,0.343976,0.007695,2.0176,0.0567,0.209674,0.4811,7589.29,0.3373
138.jpg,area,mold,area--mold,mold,mold,manual_visual,fine,diffuse,dense,multiply,0.97,1,manual_visual,0.233810,0.017969,0.7732,0.0292,0.254299,0.1893,15619.96,0.1791
139.jpg,detail,dust,detail--dust,dust,dust,manual_visual,fine,sparse,medium,screen,0.97,1,manual_visual,0.035050,0.010844,0.5686,0.0371,0.046760,0.0884,4826.70,0.0193
140.jpg,area,surface_wear,area--surface_wear,surface_wear,surface_wear,manual_visual,fine,diffuse,dense,multiply,0.97,1,manual_visual,0.194009,0.007607,0.6419,0.0657,0.260808,0.1318,26996.95,0.0149
141.jpg,structure,tear_missing,structure--tear_missing,tear_missing,edge_wear;tear_missing,manual_visual,fine,edge,dense,multiply,0.97,1,manual_visual,0.234756,0.114968,1.0428,0.0572,0.180698,0.5245,10834.96,0.4550
142.jpg,area,mold,area--mold,mold,mold,manual_visual,fine,diffuse,dense,multiply,0.97,1,manual_visual,0.158271,0.015306,0.7526,0.0627,0.220254,0.1312,22403.29,0.0429
143.jpg,area,surface_wear,area--surface_wear,surface_wear,surface_wear,manual_visual,fine,diffuse,dense,multiply,0.97,1,manual_visual,0.207240,0.002140,0.8228,0.0974,0.295571,0.1373,27272.22,0.0330
144.jpg,detail,dust,detail--dust,dust,dust,manual_visual,fine,sparse,medium,screen,0.97,1,manual_visual,0.046100,0.001781,1.1613,0.0166,0.132636,0.0244,7881.60,0.0058
145.jpg,area,mold,area--mold,mold,mold,manual_visual,fine,diffuse,medium,multiply,0.97,1,manual_visual,0.080481,0.009360,0.7597,0.0379,0.145803,0.0742,11901.86,0.0177
146.jpg,structure,edge_wear,structure--edge_wear,edge_wear,edge_wear;surface_wear,manual_visual,fine,edge,dense,multiply,0.97,1,manual_visual,0.241040,0.023440,1.8954,0.0666,0.283184,0.2500,22810.18,0.1565
147.jpg,area,surface_wear,area--surface_wear,surface_wear,surface_wear,manual_visual,fine,diffuse,dense,multiply,0.97,1,manual_visual,0.159312,0.006592,1.1401,0.0723,0.189136,0.1718,11752.93,0.0247
148.jpg,area,surface_wear,area--surface_wear,surface_wear,surface_wear,manual_visual,fine,diffuse,medium,multiply,0.97,1,manual_visual,0.087807,0.008804,1.5491,0.0224,0.119668,0.3850,8840.75,0.3091
149.jpg,area,stain,area--stain,stain,stain,manual_visual,fine,diffuse,medium,multiply,0.97,1,manual_visual,0.066590,0.013670,0.3248,0.0690,0.071310,0.1965,5360.74,0.0908
150.jpg,reject,reject,reject--reject,reject,reject,manual_visual,fine,sparse,sparse,multiply,0.97,0,manual_visual,0.003976,0.000113,0.6330,0.0339,0.012105,0.1489,742.19,0.0662
151.jpg,area,mold,area--mold,mold,mold,manual_visual,fine,diffuse,medium,multiply,0.97,1,manual_visual,0.123944,0.009585,0.5062,0.0209,0.160240,0.2206,11943.60,0.1613
152.jpg,detail,dust,detail--dust,dust,dust,manual_visual,fine,sparse,sparse,screen,0.97,1,manual_visual,0.002973,0.000148,0.2644,0.0275,0.008398,0.0472,633.68,0.0308
153.jpg,structure,fold,structure--fold,fold,fold;surface_wear,manual_visual,linear,directional,medium,screen,0.97,1,manual_visual,0.070207,0.000394,0.1749,0.0737,0.126130,0.2938,9028.21,0.0139
154.jpg,area,stain,area--stain,stain,stain,manual_visual,fine,diffuse,medium,multiply,0.97,1,manual_visual,0.109102,0.008267,1.4697,0.0206,0.191150,0.1098,14679.37,0.0773
155.jpg,area,surface_wear,area--surface_wear,surface_wear,scratch;surface_wear,manual_visual,fine,diffuse,medium,multiply,0.97,1,manual_visual,0.115066,0.041943,1.1893,0.0861,0.077886,0.2793,3178.71,0.1718
156.jpg,area,mold,area--mold,mold,mold,manual_visual,fine,diffuse,dense,multiply,0.97,1,manual_visual,0.198668,0.008263,0.5151,0.0054,0.229913,0.2089,17393.02,0.0617
157.jpg,area,surface_wear,area--surface_wear,surface_wear,surface_wear,manual_visual,fine,diffuse,medium,multiply,0.97,1,manual_visual,0.058016,0.005984,1.3062,0.0307,0.103865,0.0519,9648.44,0.0055
158.jpg,structure,edge_wear,structure--edge_wear,edge_wear,edge_wear;surface_wear,manual_visual,fine,edge,dense,multiply,0.97,1,manual_visual,0.455321,0.007467,1.6630,0.0844,0.291981,0.5009,17388.59,0.1770
159.jpg,area,surface_wear,area--surface_wear,surface_wear,surface_wear,manual_visual,fine,diffuse,medium,multiply,0.97,1,manual_visual,0.122113,0.003551,1.5257,0.0419,0.159062,0.3067,11471.35,0.0537
160.jpg,detail,dust,detail--dust,dust,dust,manual_visual,fine,sparse,medium,screen,0.97,1,manual_visual,0.038164,0.006804,0.4704,0.0143,0.071272,0.0544,8063.96,0.0056
161.jpg,area,surface_wear,area--surface_wear,surface_wear,surface_wear,manual_visual,fine,diffuse,dense,multiply,0.97,1,manual_visual,0.227569,0.003277,0.3600,0.0569,0.228299,0.3705,18342.01,0.0963
162.jpg,detail,dust,detail--dust,dust,dust,manual_visual,fine,diffuse,medium,screen,0.97,1,manual_visual,0.052441,0.001839,1.3463,0.0727,0.136286,0.0484,9256.58,0.0048
163.jpg,detail,dust,detail--dust,dust,dust,manual_visual,fine,sparse,sparse,screen,0.97,1,manual_visual,0.002804,0.000234,1.1355,0.0087,0.009288,0.0178,794.27,0.0266
164.jpg,area,stain,area--stain,stain,mold;stain,manual_visual,fine,diffuse,medium,multiply,0.97,1,manual_visual,0.073901,0.013391,0.7533,0.0578,0.105498,0.1414,10295.41,0.0551
165.jpg,area,stain,area--stain,stain,stain;surface_wear,manual_visual,fine,diffuse,dense,multiply,0.97,1,manual_visual,0.151337,0.022951,0.5592,0.0567,0.133186,0.4355,8802.08,0.3076
166.jpg,structure,edge_wear,structure--edge_wear,edge_wear,edge_wear,manual_visual,fine,edge,dense,multiply,0.97,1,manual_visual,0.164974,0.010077,1.3644,0.0214,0.243618,0.1196,20784.96,0.0372
167.jpg,area,stain,area--stain,stain,stain,manual_visual,fine,diffuse,dense,multiply,0.97,1,manual_visual,0.274419,0.066617,1.3324,0.0162,0.229636,0.4747,12988.28,0.4363
168.jpg,detail,dust,detail--dust,dust,dust,manual_visual,fine,sparse,sparse,screen,0.97,1,manual_visual,0.006096,0.001277,0.8309,0.0386,0.012173,0.0251,947.27,0.0392
169.jpg,detail,dust,detail--dust,dust,dust,manual_visual,fine,diffuse,medium,screen,0.97,1,manual_visual,0.062615,0.000731,0.5615,0.0275,0.141813,0.0963,7525.87,0.0047
170.jpg,structure,tear_missing,structure--tear_missing,tear_missing,edge_wear;stain;surface_wear;tear_missing,manual_visual,fine,edge,dense,multiply,0.97,1,manual_visual,0.229886,0.045372,2.1943,0.0312,0.167280,0.6528,8397.20,0.4724
171.jpg,area,stain,area--stain,stain,stain,manual_visual,fine,diffuse,medium,multiply,0.97,1,manual_visual,0.082322,0.021702,0.7171,0.1050,0.094958,0.2316,8046.88,0.1534
172.jpg,detail,dust,detail--dust,dust,dust;surface_wear,manual_visual,fine,sparse,sparse,screen,0.97,1,manual_visual,0.022565,0.000773,0.3508,0.0529,0.065703,0.0895,4652.78,0.0105
173.jpg,structure,fold,structure--fold,fold,fold;surface_wear,manual_visual,linear,directional,medium,screen,0.97,1,manual_visual,0.054870,0.001016,0.0119,0.1097,0.058872,0.5037,3745.66,0.1107
174.jpg,structure,edge_wear,structure--edge_wear,edge_wear,edge_wear,manual_visual,fine,edge,medium,multiply,0.97,1,manual_visual,0.118203,0.016133,57.3001,0.0350,0.059147,0.8666,2656.25,0.5101
175.jpg,structure,fold,structure--fold,fold,fold;surface_wear,manual_visual,linear,directional,dense,screen,0.97,1,manual_visual,0.161464,0.031572,1.2300,0.1699,0.121714,0.5090,6868.41,0.6715
176.jpg,structure,fold,structure--fold,fold,fold;surface_wear,manual_visual,linear,directional,medium,screen,0.97,1,manual_visual,0.114258,0.011181,1.1786,0.1017,0.131050,0.3433,7560.76,0.0974
177.jpg,structure,edge_wear,structure--edge_wear,edge_wear,edge_wear;surface_wear,manual_visual,fine,edge,dense,multiply,0.97,1,manual_visual,0.230522,0.013367,0.7962,0.0117,0.185010,0.3393,13134.77,0.1147
178.jpg,area,surface_wear,area--surface_wear,surface_wear,surface_wear,manual_visual,fine,diffuse,dense,multiply,0.97,1,manual_visual,0.180012,0.011851,0.6446,0.1193,0.131523,0.4643,5612.79,0.1605
179.jpg,detail,dust,detail--dust,dust,dust,manual_visual,fine,sparse,medium,screen,0.97,1,manual_visual,0.036608,0.002907,0.8554,0.0242,0.092598,0.0257,8027.73,0.0085
180.jpg,area,mold,area--mold,mold,mold,manual_visual,fine,diffuse,medium,multiply,0.97,1,manual_visual,0.095799,0.011358,1.0415,0.0197,0.179060,0.0303,16500.84,0.0066
181.jpg,detail,scratch,detail--scratch,scratch,scratch,manual_visual,linear,directional,medium,screen,0.97,1,manual_visual,0.051104,0.003583,0.2384,0.1506,0.099057,0.1563,7525.71,0.0272
182.jpg,area,mold,area--mold,mold,mold;stain,manual_visual,fine,diffuse,dense,multiply,0.97,1,manual_visual,0.416248,0.066907,1.2105,0.0846,0.286050,0.3636,13542.48,0.1739
183.jpg,detail,dust,detail--dust,dust,dust,manual_visual,fine,sparse,sparse,screen,0.97,1,manual_visual,0.006023,0.001537,1.8704,0.0080,0.009518,0.0392,998.98,0.1627
184.jpg,structure,edge_wear,structure--edge_wear,edge_wear,edge_wear;surface_wear,manual_visual,fine,edge,dense,multiply,0.97,1,manual_visual,0.150570,0.026745,1.1430,0.0173,0.153379,0.2375,10680.34,0.0501
185.jpg,detail,crack,detail--crack,crack,crack,manual_visual,linear,directional,sparse,screen,0.97,1,manual_visual,0.018213,0.005225,1.0677,0.1155,0.026599,0.0786,2502.44,0.0711
186.jpg,area,surface_wear,area--surface_wear,surface_wear,stain;surface_wear,manual_visual,linear,directional,medium,multiply,0.97,1,manual_visual,0.093369,0.022737,1.0257,0.1606,0.080327,0.4476,4614.26,0.4482
187.jpg,area,surface_wear,area--surface_wear,surface_wear,surface_wear,manual_visual,fine,diffuse,medium,multiply,0.97,1,manual_visual,0.059474,0.007542,1.0740,0.0181,0.114429,0.0800,11555.17,0.0321
188.jpg,detail,dust,detail--dust,dust,dust,manual_visual,fine,sparse,sparse,screen,0.97,1,manual_visual,0.008349,0.000237,0.7681,0.0279,0.023025,0.0388,1841.27,0.0215
189.jpg,area,surface_wear,area--surface_wear,surface_wear,surface_wear,manual_visual,fine,diffuse,medium,multiply,0.97,1,manual_visual,0.064341,0.003919,0.3384,0.0270,0.111922,0.1356,10988.73,0.0104
190.jpg,area,surface_wear,area--surface_wear,surface_wear,surface_wear,manual_visual,linear,directional,dense,multiply,0.97,1,manual_visual,0.242927,0.012371,0.7473,0.1331,0.191626,0.4653,8337.40,0.1983
191.jpg,structure,edge_wear,structure--edge_wear,edge_wear,edge_wear;surface_wear,manual_visual,fine,edge,dense,multiply,0.97,1,manual_visual,0.494367,0.053859,0.9828,0.0391,0.348326,0.1245,25557.32,0.1036
192.jpg,area,stain,area--stain,stain,stain,manual_visual,fine,diffuse,medium,multiply,0.97,1,manual_visual,0.137183,0.020807,0.8266,0.0147,0.107884,0.4594,4622.80,0.2460
193.jpg,area,mold,area--mold,mold,mold;stain,manual_visual,fine,diffuse,dense,multiply,0.97,1,manual_visual,0.255736,0.089782,1.7962,0.0078,0.180840,0.3287,7887.37,0.2003
194.jpg,structure,edge_wear,structure--edge_wear,edge_wear,edge_wear;stain;surface_wear,manual_visual,fine,edge,dense,multiply,0.97,1,manual_visual,0.293168,0.053212,2.4065,0.0375,0.209679,0.4845,12000.87,0.5556
195.jpg,area,surface_wear,area--surface_wear,surface_wear,surface_wear,manual_visual,fine,sparse,medium,multiply,0.97,1,manual_visual,0.030751,0.000460,0.3289,0.0562,0.065421,0.2385,4596.35,0.0537
196.jpg,area,surface_wear,area--surface_wear,surface_wear,surface_wear,manual_visual,fine,diffuse,medium,multiply,0.97,1,manual_visual,0.064871,0.000858,1.4377,0.0166,0.138370,0.1703,9086.36,0.1210
197.jpg,area,mold,area--mold,mold,mold,manual_visual,fine,diffuse,medium,multiply,0.97,1,manual_visual,0.131230,0.019775,1.0409,0.0149,0.167049,0.2685,12177.78,0.1167
198.jpg,area,mold,area--mold,mold,mold,manual_visual,fine,diffuse,medium,multiply,0.97,1,manual_visual,0.147346,0.009025,0.8108,0.0409,0.221762,0.0956,23734.14,0.0094
199.jpg,area,surface_wear,area--surface_wear,surface_wear,surface_wear,manual_visual,fine,diffuse,medium,multiply,0.97,1,manual_visual,0.051477,0.003484,0.8976,0.0700,0.091309,0.0656,6333.01,0.0089
200.jpg,area,surface_wear,area--surface_wear,surface_wear,edge_wear;surface_wear,manual_visual,fine,sparse,sparse,multiply,0.97,1,manual_visual,0.026437,0.000347,1.1162,0.0517,0.076042,0.1226,3984.38,0.0338
201.jpg,structure,tear_missing,structure--tear_missing,tear_missing,edge_wear;stain;tear_missing,manual_visual,fine,edge,medium,multiply,0.97,1,manual_visual,0.125166,0.016660,0.5839,0.0259,0.127549,0.3690,9404.30,0.5159
202.jpg,detail,dust,detail--dust,dust,dust,manual_visual,fine,sparse,medium,screen,0.97,1,manual_visual,0.032718,0.001960,0.8251,0.0089,0.095652,0.0203,6158.66,0.0094
203.jpg,reject,reject,reject--reject,reject,reject,manual_visual,fine,sparse,sparse,multiply,0.97,0,manual_visual,0.003070,0.000081,1.0596,0.0272,0.010179,0.0099,911.46,0.0156
204.jpg,detail,dust,detail--dust,dust,dust,manual_visual,fine,diffuse,medium,screen,0.97,1,manual_visual,0.078180,0.003019,1.4815,0.0217,0.139691,0.1535,9931.32,0.0162
205.jpg,area,surface_wear,area--surface_wear,surface_wear,surface_wear,manual_visual,fine,diffuse,medium,multiply,0.97,1,manual_visual,0.066999,0.007908,1.0309,0.0362,0.128864,0.0683,12326.39,0.0320
206.jpg,area,surface_wear,area--surface_wear,surface_wear,surface_wear,manual_visual,linear,directional,dense,multiply,0.97,1,manual_visual,0.220206,0.004341,0.4828,0.1276,0.264845,0.2562,19519.23,0.0764
207.jpg,area,mold,area--mold,mold,mold;stain,manual_visual,fine,diffuse,medium,multiply,0.97,1,manual_visual,0.084897,0.013394,1.1194,0.0250,0.110063,0.1622,9458.01,0.0258
208.jpg,structure,edge_wear,structure--edge_wear,edge_wear,edge_wear;stain;surface_wear,manual_visual,fine,edge,medium,multiply,0.97,1,manual_visual,0.129477,0.051036,1.8993,0.0209,0.091459,0.5578,3555.13,0.4221
209.jpg,detail,scratch,detail--scratch,scratch,scratch,manual_visual,linear,directional,medium,screen,0.97,1,manual_visual,0.066228,0.013357,0.7600,0.1266,0.089841,0.1020,7927.25,0.0292
210.jpg,area,surface_wear,area--surface_wear,surface_wear,surface_wear,manual_visual,fine,diffuse,medium,multiply,0.97,1,manual_visual,0.123972,0.015537,0.9405,0.0062,0.171733,0.2213,17617.19,0.1638
211.jpg,detail,dust,detail--dust,dust,dust,manual_visual,fine,diffuse,dense,screen,0.97,1,manual_visual,0.277850,0.003829,0.8903,0.0163,0.329347,0.0342,35883.84,0.0019
212.jpg,detail,dust,detail--dust,dust,dust,manual_visual,fine,sparse,medium,screen,0.97,1,manual_visual,0.042886,0.012483,0.6922,0.0768,0.065942,0.0472,7370.61,0.0095
213.jpg,detail,dust,detail--dust,dust,dust,manual_visual,fine,sparse,sparse,screen,0.97,1,manual_visual,0.012681,0.001626,1.3211,0.0581,0.033775,0.0295,2893.17,0.0243
214.jpg,detail,dust,detail--dust,dust,dust,manual_visual,fine,diffuse,medium,screen,0.97,1,manual_visual,0.141107,0.003942,1.1858,0.0065,0.258339,0.0683,20671.24,0.0043
215.jpg,detail,dust,detail--dust,dust,dust,manual_visual,fine,sparse,sparse,screen,0.97,1,manual_visual,0.028701,0.007954,0.6944,0.0684,0.036619,0.0647,3076.17,0.0126
216.jpg,area,mold,area--mold,mold,mold;stain,manual_visual,fine,diffuse,dense,multiply,0.97,1,manual_visual,0.251670,0.015884,0.9515,0.0040,0.257188,0.1603,18950.20,0.0277
217.jpg,area,mold,area--mold,mold,mold,manual_visual,fine,diffuse,dense,multiply,0.97,1,manual_visual,0.160096,0.009470,0.9236,0.0091,0.227149,0.0848,16516.07,0.0180
218.jpg,area,surface_wear,area--surface_wear,surface_wear,surface_wear,manual_visual,fine,diffuse,dense,multiply,0.97,1,manual_visual,0.201074,0.026826,1.8367,0.0260,0.217503,0.3741,17395.83,0.2348
219.jpg,detail,dust,detail--dust,dust,dust,manual_visual,fine,sparse,sparse,screen,0.97,1,manual_visual,0.011443,0.004036,0.6701,0.0472,0.015752,0.0429,1823.73,0.0156
220.jpg,detail,dust,detail--dust,dust,dust,manual_visual,fine,diffuse,medium,screen,0.97,1,manual_visual,0.109319,0.009395,0.8979,0.0452,0.181610,0.0928,16286.69,0.0102
221.jpg,structure,tear_missing,structure--tear_missing,tear_missing,edge_wear;stain;tear_missing,manual_visual,fine,edge,dense,multiply,0.97,1,manual_visual,0.249796,0.143043,1406.9837,0.1110,0.127474,0.8592,2539.06,0.5100
222.jpg,structure,edge_wear,structure--edge_wear,edge_wear,edge_wear;surface_wear,manual_visual,fine,edge,medium,multiply,0.97,1,manual_visual,0.053008,0.000868,0.8783,0.0675,0.107383,0.2443,7204.86,0.1141
223.jpg,area,mold,area--mold,mold,mold,manual_visual,linear,directional,medium,multiply,0.97,1,manual_visual,0.106131,0.006035,1.2473,0.1221,0.161622,0.1685,14454.51,0.0347
224.jpg,area,stain,area--stain,stain,stain,manual_visual,linear,directional,medium,multiply,0.97,1,manual_visual,0.036601,0.005475,0.1526,0.1543,0.066281,0.1232,6539.35,0.0312
225.jpg,area,mold,area--mold,mold,mold,manual_visual,linear,directional,medium,multiply,0.97,1,manual_visual,0.098647,0.023276,1.2005,0.1243,0.125032,0.0828,11901.86,0.0133
226.jpg,area,surface_wear,area--surface_wear,surface_wear,surface_wear,manual_visual,fine,diffuse,medium,multiply,0.97,1,manual_visual,0.090122,0.004841,1.2275,0.0741,0.133376,0.1217,7224.12,0.0263
227.jpg,detail,dust,detail--dust,dust,dust,manual_visual,fine,sparse,sparse,screen,0.97,1,manual_visual,0.014792,0.001324,1.1059,0.0305,0.027313,0.1537,1671.01,0.1713
228.jpg,area,surface_wear,area--surface_wear,surface_wear,surface_wear,manual_visual,fine,diffuse,dense,multiply,0.97,1,manual_visual,0.196377,0.005104,0.4674,0.0600,0.254370,0.1361,23805.94,0.0084
229.jpg,area,stain,area--stain,stain,stain,manual_visual,fine,diffuse,dense,multiply,0.97,1,manual_visual,0.355562,0.034584,1.2628,0.0767,0.262910,0.4320,11709.60,0.2865
230.jpg,area,stain,area--stain,stain,stain,manual_visual,fine,diffuse,medium,multiply,0.97,1,manual_visual,0.060742,0.014260,1.2438,0.0391,0.057146,0.3455,3918.46,0.3457
231.jpg,area,mold,area--mold,mold,mold;stain,manual_visual,fine,diffuse,dense,multiply,0.97,1,manual_visual,0.183879,0.006799,0.8561,0.0087,0.205278,0.1684,14365.16,0.0426
232.jpg,area,stain,area--stain,stain,stain,manual_visual,fine,diffuse,medium,multiply,0.97,1,manual_visual,0.100317,0.016318,0.9660,0.0180,0.135129,0.1594,11884.77,0.0690
233.jpg,structure,edge_wear,structure--edge_wear,edge_wear,edge_wear;surface_wear,manual_visual,linear,edge,medium,multiply,0.97,1,manual_visual,0.141667,0.047322,4.7377,0.3145,0.107869,0.7880,3342.01,0.5577
234.jpg,area,mold,area--mold,mold,mold,manual_visual,fine,diffuse,dense,multiply,0.97,1,manual_visual,0.373423,0.003813,1.3143,0.0805,0.310388,0.3083,20686.04,0.1088
235.jpg,detail,dust,detail--dust,dust,dust,manual_visual,fine,sparse,sparse,screen,0.97,1,manual_visual,0.017118,0.000395,0.4088,0.0551,0.052027,0.0928,3276.91,0.0102
236.jpg,structure,edge_wear,structure--edge_wear,edge_wear,edge_wear,manual_visual,fine,edge,dense,multiply,0.97,1,manual_visual,0.211059,0.014384,1.6880,0.0071,0.253264,0.2498,20926.08,0.1137
237.jpg,area,stain,area--stain,stain,stain,manual_visual,fine,diffuse,medium,multiply,0.97,1,manual_visual,0.081571,0.004944,0.0886,0.0824,0.098414,0.3453,7579.64,0.1497
238.jpg,area,mold,area--mold,mold,mold;stain,manual_visual,fine,diffuse,dense,multiply,0.97,1,manual_visual,0.153120,0.016011,1.1483,0.0344,0.169260,0.2167,12336.43,0.0561
239.jpg,area,stain,area--stain,stain,stain,manual_visual,fine,diffuse,dense,multiply,0.97,1,manual_visual,0.231292,0.002178,1.0726,0.0141,0.219575,0.2999,9692.38,0.0280
240.jpg,detail,crack,detail--crack,crack,crack,manual_visual,linear,directional,sparse,screen,0.97,1,manual_visual,0.012114,0.002189,0.2257,0.0569,0.018874,0.0504,1654.12,0.0429
241.jpg,area,surface_wear,area--surface_wear,surface_wear,surface_wear,manual_visual,fine,diffuse,dense,multiply,0.97,1,manual_visual,0.289374,0.008963,0.8847,0.0198,0.291813,0.1294,25071.19,0.0247
242.jpg,structure,fold,structure--fold,fold,fold;surface_wear,manual_visual,linear,directional,medium,screen,0.97,1,manual_visual,0.051016,0.005612,0.4789,0.2442,0.071585,0.1106,5451.56,0.0210
243.jpg,detail,scratch,detail--scratch,scratch,scratch;surface_wear,manual_visual,linear,directional,medium,screen,0.97,1,manual_visual,0.138284,0.036116,0.9531,0.1141,0.171643,0.0426,18215.33,0.0132
244.jpg,detail,dust,detail--dust,dust,dust,manual_visual,fine,sparse,sparse,screen,0.97,1,manual_visual,0.026949,0.002283,1.0485,0.0310,0.066098,0.0605,5529.51,0.0607
245.jpg,detail,dust,detail--dust,dust,dust,manual_visual,fine,diffuse,medium,screen,0.97,1,manual_visual,0.055002,0.002907,0.9351,0.0074,0.128719,0.0759,9836.24,0.0213
246.jpg,detail,scratch,detail--scratch,scratch,scratch,manual_visual,linear,directional,medium,screen,0.97,1,manual_visual,0.074865,0.020924,0.8955,0.1661,0.096601,0.0646,7457.55,0.0284
247.jpg,reject,reject,reject--reject,reject,reject,manual_visual,fine,sparse,sparse,multiply,0.97,0,manual_visual,0.002830,0.000013,0.0866,0.0200,0.008234,0.1354,473.09,0.0635
248.jpg,structure,fold,structure--fold,fold,fold;scratch;surface_wear,manual_visual,linear,edge,dense,screen,0.97,1,manual_visual,0.151061,0.004642,2.4055,0.1068,0.238021,0.2923,14667.97,0.2906
249.jpg,area,stain,area--stain,stain,stain,manual_visual,fine,sparse,sparse,multiply,0.97,1,manual_visual,0.014351,0.000154,0.0875,0.0475,0.029334,0.3789,1477.27,0.2387
250.jpg,detail,dust,detail--dust,dust,dust,manual_visual,multi_scale,sparse,sparse,screen,0.97,1,manual_visual,0.027378,0.010425,0.1596,0.1043,0.027102,0.1843,2062.99,0.1232
